timestamp,prompt,latency_seconds,num_drones
2026-01-28 23:32:56,"Current State:
- Drone 1: [0.0, 0.0, 0.0]
- Drone 2: [1.0, 0.0, 0.0]
- Drone 3: [-1.0, 0.0, 0.0]
User Command: Form a vertical line",15.9731,3
2026-01-28 23:34:04,"Current State:
- Drone 1: [0.0, 0.0, 1.0]
- Drone 2: [0.0, 0.0, 2.0]
- Drone 3: [0.0, 0.0, 3.0]
User Command: Form a horizontal line",26.8492,3
2026-01-28 23:35:20,"Current State:
- Drone 1: [0.0, -1.0, 1.0]
- Drone 2: [0.0, 0.0, 1.0]
- Drone 3: [0.0, 1.0, 1.0]
User Command: Form a triangle",38.5268,3
2026-01-28 23:36:32,"Current State:
- Drone 1: [0.0, -1.0, 1.0]
- Drone 2: [1.732, 0.0, 1.0]
- Drone 3: [0.0, 1.0, 1.0]
User Command: Form a pyramid",53.6523,3
2026-01-28 23:39:38,"Current State:
- Drone 1: [0.0, -1.0, 1.0]
- Drone 2: [0.0, 0.0, 2.732]
- Drone 3: [0.0, 1.0, 1.0]
User Command: Form a square",38.8006,4
2026-01-28 23:41:13,"Current State:
- Drone 1: [0.0, -1.0, 1.0]
- Drone 2: [0.0, 1.0, 3.0]
- Drone 3: [0.0, 1.0, 1.0]
User Command: Form a horizontal square",24.4829,4
2026-01-28 23:42:41,"Current State:
- Drone 1: [-1.0, -1.0, 2.0]
- Drone 2: [1.0, 1.0, 2.0]
- Drone 3: [-1.0, 1.0, 2.0]
User Command: Form a pyramid",50.2854,4
2026-01-28 23:44:00,"Current State:
- Drone 1: [-0.5, -0.866, 1.0]
- Drone 2: [1.0, 0.0, 1.0]
- Drone 3: [-0.5, 0.866, 1.0]
User Command: Form a diamond",20.7067,4
2026-01-28 23:53:23,"Current State:
- Drone 1: [0.0, -1.0, 1.0]
- Drone 2: [1.0, 0.0, 1.0]
- Drone 3: [0.0, 1.0, 1.0]
User Command: Form a circle",20.2296,10
2026-01-28 23:56:42,"Current State:
- Drone 1: [3.0, 0.0, 2.0]
- Drone 2: [2.43, 1.76, 2.0]
- Drone 3: [0.93, 2.85, 2.0]
User Command: Form a cube",29.5683,10
2026-01-28 23:59:08,"Current State:
- Drone 1: [1.0, 1.0, 3.0]
- Drone 2: [1.0, -1.0, 3.0]
- Drone 3: [-1.0, -1.0, 3.0]
User Command: Form a triangle",36.5418,10
2026-01-29 00:01:16,"Current State:
- Drone 1: [2.0, 0.0, 2.0]
- Drone 2: [1.0, -0.5, 2.0]
- Drone 3: [1.0, 0.5, 2.0]
User Command: Form a pyramid",93.4336,10
2026-01-29 00:04:24,"Current State:
- Drone 1: [1.0, 0.0, 1.0]
- Drone 2: [0.0, -0.5, 1.0]
- Drone 3: [0.5, 0.0, 2.0]
User Command: Form a horizontal line",18.5244,10
2026-01-29 00:05:43,"Current State:
- Drone 1: [0.0, -4.5, 1.0]
- Drone 2: [0.0, -3.5, 1.0]
- Drone 3: [0.0, -2.5, 1.0]
User Command: Form the golden spiral",50.7224,10
2026-01-29 00:07:51,"Current State:
- Drone 1: [0.279, -0.175, 1.5]
- Drone 2: [0.364, 0.531, 1.5]
- Drone 3: [-0.369, 0.553, 1.5]
User Command: Form a triangle",36.6947,30
2026-01-29 00:12:33,"Current State:
- Drone 1: [5.0, 0.0, 2.0]
- Drone 2: [4.0, 0.5, 2.0]
- Drone 3: [3.0, 1.0, 2.0]
User Command: Form a pyramid",30.6278,30
2026-01-29 00:17:17,"Current State:
- Drone 1: [0.0, 0.0, 5.5]
- Drone 2: [0.75, 0.75, 4.0]
- Drone 3: [0.75, -0.75, 4.0]
User Command: Form a square",31.9736,30
2026-01-29 00:21:01,"Current State:
- Drone 1: [-2.0, -2.5, 2.0]
- Drone 2: [-2.0, -1.5, 2.0]
- Drone 3: [-2.0, -0.5, 2.0]
User Command: form a cube",39.5555,30
2026-01-29 00:24:11,"Current State:
- Drone 1: [-1.0, -1.0, 1.0]
- Drone 2: [-1.0, 0.0, 1.0]
- Drone 3: [-1.0, 1.0, 1.0]
User Command: Form a circle",21.8225,30
2026-01-29 00:28:19,"Current State:
- Drone 1: [5.001, 0.0, 5.0]
- Drone 2: [4.891, 1.04, 5.0]
- Drone 3: [4.568, 2.034, 5.0]
User Command: Form the golden spiral",137.6059,30
2026-01-29 00:42:27,"Current State:
- Drone 1: [0.0, 0.0, 0.0]
- Drone 2: [1.0, 0.0, 0.0]
- Drone 3: [-1.0, 0.0, 0.0]
User Command: Form a christmas tree",24.4244,10
2026-01-29 00:48:57,"Current State:
- Drone 1: [0.0, 0.0, 0.0]
- Drone 2: [1.0, 0.0, 0.0]
- Drone 3: [-1.0, 0.0, 0.0]
User Command: Form a christmas tree",24.8511,10
2026-01-29 00:56:32,"Current State:
- Drone 1: [0.0, 0.0, 3.0]
- Drone 2: [0.8, 0.0, 2.0]
- Drone 3: [-0.4, 0.69, 2.0]
User Command: Form a square",41.6806,10
2026-01-29 01:03:14,"Current State:
- Drone 1: [0.0, 0.0, 0.0]
- Drone 2: [1.0, 0.0, 0.0]
- Drone 3: [-1.0, 0.0, 0.0]
User Command: Form a christmas tree",23.6496,10
2026-01-29 01:05:45,"Current State:
- Drone 1: [0.0, 0.0, 3.0]
- Drone 2: [0.6, 0.0, 2.2]
- Drone 3: [-0.3, 0.52, 2.2]
User Command: form a square",53.5465,10
2026-01-29 01:08:25,"Current State:
- Drone 1: [0.0, 0.0, 0.0]
- Drone 2: [1.0, 0.0, 0.0]
- Drone 3: [-1.0, 0.0, 0.0]
User Command: Form a christmas tree",23.3012,10
2026-01-29 01:11:03,"Current State:
- Drone 1: [0.0, 0.0, 3.0]
- Drone 2: [0.8, 0.0, 2.0]
- Drone 3: [-0.4, 0.69, 2.0]
User Command: Form a square",74.7954,10
2026-01-29 01:12:49,"Current State:
- Drone 1: [0.0, 0.0, 2.5]
- Drone 2: [-1.5, 1.5, 1.5]
- Drone 3: [0.0, 1.5, 1.5]
User Command: Form a circle",22.1193,10
